Workbook

Sheet DATA
A1: Employee ID | B1: Name | C1: Department | D1: Basic Salary | E1: Days Present | F1: Days Absent
A2: EMP001 | B2: Charlot Imlaw | C2: Product Management | D2: 21087 | E2: 18 | F2: 2
A3: EMP002 | B3: Amelie Wegener | C3: Business Development | D3: 85520 | E3: 18 | F3: 5
A4: EMP003 | B4: Rahel Bohin | C4: Training | D4: 85604 | E4: 23 | F4: 3
A5: EMP004 | B5: Kimberlyn Ghilks | C5: Sales | D5: 128815 | E5: 21 | F5: 4
A6: EMP005 | B6: Dorris Haitlie | C6: Business Development | D6: 78394 | E6: 23 | F6: 4
A7: EMP006 | B7: Lombard Casewell | C7: Services | D7: 124658 | E7: 26 | F7: 3
A8: EMP007 | B8: Thain Morena | C8: Product Management | D8: 64480 | E8: 18 | F8: 3
A9: EMP008 | B9: Myrah Kimmons | C9: Services | D9: 149635 | E9: 26 | F9: 0
A10: EMP009 | B10: Nico Traylen | C10: Support | D10: 28351 | E10: 25 | F10: 2
A11: EMP010 | B11: Jed Bridle | C11: Support | D11: 110448 | E11: 25 | F11: 1
A12: EMP011 | B12: Nolie Rhoades | C12: Legal | D12: 62467 | E12: 18 | F12: 3
A13: EMP012 | B13: Zelig Turri | C13: Business Development | D13: 17899 | E13: 19 | F13: 1
... A51: EMP050 | B51: Beltran Syddie | C51: Accounting | D51: 44598 | E51: 22 | F51: 0

Sheet Payroll
A1: Employee ID | B1: Name | C1: Department | D1: Basic Salary | E1: Days Present | F1: Days Absent | G1: Total Working Days | H1: Per Day Salary | I1: Deduction | J1: Net Salary
A2: =DATA!A2 -> EMP001 | B2: =DATA!B2 -> Charlot Imlaw | C2: =DATA!C2 -> Product Management | D2: =DATA!D2 -> 21087 | E2: =DATA!E2 -> 18 | F2: =DATA!F2 -> 2 | G2: =E2+F2 -> 20 | H2: =D2/G2 -> 1054.35 | I2: =F2*H2 -> 2108.7 | J2: =D2-I2 -> 18978.3
A3: =DATA!A3 -> EMP002 | B3: =DATA!B3 -> Amelie Wegener | C3: =DATA!C3 -> Business Development | D3: =DATA!D3 -> 85520 | E3: =DATA!E3 -> 18 | F3: =DATA!F3 -> 5 | G3: =E3+F3 -> 23 | H3: =D3/G3 -> 3718.2609 | I3: =F3*H3 -> 18591.304 | J3: =D3-I3 -> 66928.696
A4: =DATA!A4 -> EMP003 | B4: =DATA!B4 -> Rahel Bohin | C4: =DATA!C4 -> Training | D4: =DATA!D4 -> 85604 | E4: =DATA!E4 -> 23 | F4: =DATA!F4 -> 3 | G4: =E4+F4 -> 26 | H4: =D4/G4 -> 3292.4615 | I4: =F4*H4 -> 9877.3846 | J4: =D4-I4 -> 75726.615
A5: =DATA!A5 -> EMP004 | B5: =DATA!B5 -> Kimberlyn Ghilks | C5: =DATA!C5 -> Sales | D5: =DATA!D5 -> 128815 | E5: =DATA!E5 -> 21 | F5: =DATA!F5 -> 4 | G5: =E5+F5 -> 25 | H5: =D5/G5 -> 5152.6 | I5: =F5*H5 -> 20610.4 | J5: =D5-I5 -> 108204.6
A6: =DATA!A6 -> EMP005 | B6: =DATA!B6 -> Dorris Haitlie | C6: =DATA!C6 -> Business Development | D6: =DATA!D6 -> 78394 | E6: =DATA!E6 -> 23 | F6: =DATA!F6 -> 4 | G6: =E6+F6 -> 27 | H6: =D6/G6 -> 2903.4815 | I6: =F6*H6 -> 11613.926 | J6: =D6-I6 -> 66780.074
A7: =DATA!A7 -> EMP006 | B7: =DATA!B7 -> Lombard Casewell | C7: =DATA!C7 -> Services | D7: =DATA!D7 -> 124658 | E7: =DATA!E7 -> 26 | F7: =DATA!F7 -> 3 | G7: =E7+F7 -> 29 | H7: =D7/G7 -> 4298.5517 | I7: =F7*H7 -> 12895.655 | J7: =D7-I7 -> 111762.34
A8: =DATA!A8 -> EMP007 | B8: =DATA!B8 -> Thain Morena | C8: =DATA!C8 -> Product Management | D8: =DATA!D8 -> 64480 | E8: =DATA!E8 -> 18 | F8: =DATA!F8 -> 3 | G8: =E8+F8 -> 21 | H8: =D8/G8 -> 3070.4762 | I8: =F8*H8 -> 9211.4286 | J8: =D8-I8 -> 55268.571
A9: =DATA!A9 -> EMP008 | B9: =DATA!B9 -> Myrah Kimmons | C9: =DATA!C9 -> Services | D9: =DATA!D9 -> 149635 | E9: =DATA!E9 -> 26 | F9: =DATA!F9 -> 0 | G9: =E9+F9 -> 26 | H9: =D9/G9 -> 5755.1923 | I9: =F9*H9 -> 0 | J9: =D9-I9 -> 149635
A10: =DATA!A10 -> EMP009 | B10: =DATA!B10 -> Nico Traylen | C10: =DATA!C10 -> Support | D10: =DATA!D10 -> 28351 | E10: =DATA!E10 -> 25 | F10: =DATA!F10 -> 2 | G10: =E10+F10 -> 27 | H10: =D10/G10 -> 1050.037 | I10: =F10*H10 -> 2100.0741 | J10: =D10-I10 -> 26250.926
A11: =DATA!A11 -> EMP010 | B11: =DATA!B11 -> Jed Bridle | C11: =DATA!C11 -> Support | D11: =DATA!D11 -> 110448 | E11: =DATA!E11 -> 25 | F11: =DATA!F11 -> 1 | G11: =E11+F11 -> 26 | H11: =D11/G11 -> 4248 | I11: =F11*H11 -> 4248 | J11: =D11-I11 -> 106200
A12: =DATA!A12 -> EMP011 | B12: =DATA!B12 -> Nolie Rhoades | C12: =DATA!C12 -> Legal | D12: =DATA!D12 -> 62467 | E12: =DATA!E12 -> 18 | F12: =DATA!F12 -> 3 | G12: =E12+F12 -> 21 | H12: =D12/G12 -> 2974.619 | I12: =F12*H12 -> 8923.8571 | J12: =D12-I12 -> 53543.143
A13: =DATA!A13 -> EMP012 | B13: =DATA!B13 -> Zelig Turri | C13: =DATA!C13 -> Business Development | D13: =DATA!D13 -> 17899 | E13: =DATA!E13 -> 19 | F13: =DATA!F13 -> 1 | G13: =E13+F13 -> 20 | H13: =D13/G13 -> 894.95 | I13: =F13*H13 -> 894.95 | J13: =D13-I13 -> 17004.05
... A50: =DATA!A50 -> EMP049 | B50: =DATA!B50 -> Isidro Predohl | C50: =DATA!C50 -> Sales | D50: =DATA!D50 -> 115063 | E50: =DATA!E50 -> 20 | F50: =DATA!F50 -> 2 | G50: =E50+F50 -> 22 | H50: =D50/G50 -> 5230.1364 | I50: =F50*H50 -> 10460.273 | J50: =D50-I50 -> 104602.73

Sheet Dashboard
A1: Total Employees | B1: Total Basic Salary | D1: Total Net Salary Paid | E1: Average Salary | F1: Total Present Days
A2: =COUNTA(DATA!A2:A51) -> 50 | B2: =SUM(Payroll!D2:D100) -> 4133189 | C2: =SUM(Payroll!J2:J100) -> 3718216.3 | D2: =AVERAGE(Payroll!J2:J100) -> 75881.965 | E2: =SUM(Payroll!E2:E100) -> 1053 | F2: =SUM(Payroll!F2:F100) -> 128
A3: =COUNTA(DATA!A3:A52) -> 49 | B3: =SUM(Payroll!D3:D101) -> 4112102 | C3: =SUM(Payroll!J3:J101) -> 3699238 | D3: =AVERAGE(Payroll!J3:J101) -> 77067.458 | E3: =SUM(Payroll!E3:E101) -> 1035 | F3: =SUM(Payroll!F3:F101) -> 126
A4: =COUNTA(DATA!A4:A53) -> 48 | B4: =SUM(Payroll!D4:D102) -> 4026582 | C4: =SUM(Payroll!J4:J102) -> 3632309.3 | D4: =AVERAGE(Payroll!J4:J102) -> 77283.176 | E4: =SUM(Payroll!E4:E102) -> 1017 | F4: =SUM(Payroll!F4:F102) -> 121
A5: =COUNTA(DATA!A5:A54) -> 47 | B5: =SUM(Payroll!D5:D103) -> 3940978 | C5: =SUM(Payroll!J5:J103) -> 3556582.7 | D5: =AVERAGE(Payroll!J5:J103) -> 77317.014 | E5: =SUM(Payroll!E5:E103) -> 994 | F5: =SUM(Payroll!F5:F103) -> 118
A6: =COUNTA(DATA!A6:A55) -> 46 | B6: =SUM(Payroll!D6:D104) -> 3812163 | C6: =SUM(Payroll!J6:J104) -> 3448378.1 | D6: =AVERAGE(Payroll!J6:J104) -> 76630.624 | E6: =SUM(Payroll!E6:E104) -> 973 | F6: =SUM(Payroll!F6:F104) -> 114
A7: =COUNTA(DATA!A7:A56) -> 45 | B7: =SUM(Payroll!D7:D105) -> 3733769 | C7: =SUM(Payroll!J7:J105) -> 3381598 | D7: =AVERAGE(Payroll!J7:J105) -> 76854.5 | E7: =SUM(Payroll!E7:E105) -> 950 | F7: =SUM(Payroll!F7:F105) -> 110
A8: =COUNTA(DATA!A8:A57) -> 44 | B8: =SUM(Payroll!D8:D106) -> 3609111 | C8: =SUM(Payroll!J8:J106) -> 3269835.6 | D8: =AVERAGE(Payroll!J8:J106) -> 76042.689 | E8: =SUM(Payroll!E8:E106) -> 924 | F8: =SUM(Payroll!F8:F106) -> 107
A9: =COUNTA(DATA!A9:A58) -> 43 | B9: =SUM(Payroll!D9:D107) -> 3544631 | C9: =SUM(Payroll!J9:J107) -> 3214567.1 | D9: =AVERAGE(Payroll!J9:J107) -> 76537.311 | E9: =SUM(Payroll!E9:E107) -> 906 | F9: =SUM(Payroll!F9:F107) -> 104
A10: =COUNTA(DATA!A10:A59) -> 42 | B10: =SUM(Payroll!D10:D108) -> 3394996 | C10: =SUM(Payroll!J10:J108) -> 3064932.1 | D10: =AVERAGE(Payroll!J10:J108) -> 74754.441 | E10: =SUM(Payroll!E10:E108) -> 880 | F10: =SUM(Payroll!F10:F108) -> 104
A11: =COUNTA(DATA!A11:A60) -> 41 | B11: =SUM(Payroll!D11:D109) -> 3366645 | C11: =SUM(Payroll!J11:J109) -> 3038681.1 | D11: =AVERAGE(Payroll!J11:J109) -> 75967.029 | E11: =SUM(Payroll!E11:E109) -> 855 | F11: =SUM(Payroll!F11:F109) -> 102
A12: =COUNTA(DATA!A12:A61) -> 40 | B12: =SUM(Payroll!D12:D110) -> 3256197 | C12: =SUM(Payroll!J12:J110) -> 2932481.1 | D12: =AVERAGE(Payroll!J12:J110) -> 75191.824 | E12: =SUM(Payroll!E12:E110) -> 830 | F12: =SUM(Payroll!F12:F110) -> 101
A13: =COUNTA(DATA!A13:A62) -> 39 | B13: =SUM(Payroll!D13:D111) -> 3193730 | C13: =SUM(Payroll!J13:J111) -> 2878938 | D13: =AVERAGE(Payroll!J13:J111) -> 75761.526 | E13: =SUM(Payroll!E13:E111) -> 812 | F13: =SUM(Payroll!F13:F111) -> 98
... A50: =COUNTA(DATA!A50:A99) -> 2 | B50: =SUM(Payroll!D50:D148) -> 115063 | C50: =SUM(Payroll!J50:J148) -> 104602.73 | D50: =AVERAGE(Payroll!J50:J148) -> 104602.73 | E50: =SUM(Payroll!E50:E148) -> 20 | F50: =SUM(Payroll!F50:F148) -> 2
A51: =COUNTA(DATA!A51:A100) -> 1 | B51: =SUM(Payroll!D51:D149) -> 0 | C51: 0 | D51: 0 | E51: 0 | F51: 0
